{"mae": 45924.481449201914, "rmse": 57654.870133461154, "r2": 0.7168288066691149}